"Id";"Designator";"Footprint";"Quantity";"Designation";"Supplier and ref";
1;"C1";"C_Disc_D5.0mm_W2.5mm_P5.00mm";1;"0.01u";;;
2;"D1";"D_DO-41_SOD81_P10.16mm_Horizontal";1;"1N4007";;;
3;"R1, R3";"R_Axial_DIN0207_L6.3mm_D2.5mm_P2.54mm_Vertical";2;"47k";;;
4;"R2";"R_Axial_DIN0207_L6.3mm_D2.5mm_P2.54mm_Vertical";1;"220k";;;
5;"R4";"R_Axial_DIN0207_L6.3mm_D2.5mm_P2.54mm_Vertical";1;"470Ω";;;
6;"U1";"DIP-8_W7.62mm";1;"NE555P";;;
7;"U2";"DIP-16_W7.62mm";1;"CD4033B";;;
8;"U3";"D1X8K";1;"D1X8K-14BL";;;
9;"U4";"SW_DIP_SPSTx01_Slide_6.7x4.1mm_W8.61mm_P2.54mm_LowProfile";1;"~";;;
